<?xml version="1.0" encoding="ISO-8859-1"?>
<metadata>
  <exportInfo>
    <exportTime>19/02/2021 15:36:03</exportTime>
    <systemVersion>4.7b254</systemVersion>
    <systemCharSet>ISO-8859-1</systemCharSet>
    <dbMetadata>
      <dbUser>SANKHYA</dbUser>
      <urlConnection><![CDATA[jdbc:oracle:thin:@10.0.2.118:1521/PDB1.subnetdb.vcnsnkprod.oraclevcn.com]]></urlConnection>
      <jdbcDriver><![CDATA[Oracle JDBC driver 12.1.0.1.0]]></jdbcDriver>
      <DBMS><![CDATA[Oracle - Oracle Database 12c Enterprise Edition Release 12.1.0.2.0 - 64bit Production
With the Automatic Storage Management and Real Application Testing options]]></DBMS>
    </dbMetadata>
  </exportInfo>
  <instances>
    <instance name="TMBMOD">
      <instanceDescription><![CDATA[Modelo de BI]]></instanceDescription>
      <tableInfo name="AD_TMBMOD" sequenceType="A" sequenceField="CODMOD">
        <tableDescription><![CDATA[Modelo de BI]]></tableDescription>
        <primaryKey>
          <CODMOD />
        </primaryKey>
      </tableInfo>
      <fields>
        <field name="CODMOD" systemField="N" dataType="I" presentationType="P" calculated="N" allowSearch="S" allowDefault="S" visibleOnSearch="S" allowNull="N">
          <description><![CDATA[C�digo modelo]]></description>
        </field>
        <field name="DESCRMODELO" systemField="N" dataType="S" presentationType="P" calculated="N" allowSearch="N" allowDefault="S" visibleOnSearch="S" allowNull="S">
          <description><![CDATA[Nome]]></description>
        </field>
        <field name="CORPO" systemField="N" dataType="C" presentationType="P" calculated="N" allowSearch="N" allowDefault="S" visibleOnSearch="S" allowNull="S">
          <description><![CDATA[Corpo do BI]]></description>
        </field>
      </fields>
    </instance>
  </instances>
</metadata>

